id,target
c0f722661,-0.7419618
f0953f0a5,-0.2603387
0df072751,-0.010163631
04caf4e0c,-2.0871615
0e63f8bea,-1.9802928
12537fe78,-0.98267984
965e592c0,0.8337419
